{"stats":{"minecraft:used":{"alexsmobs:animal_dictionary":1,"rakerm:rake_spawn_egg":1},"minecraft:custom":{"minecraft:jump":80,"minecraft:time_since_rest":16361,"minecraft:walk_on_water_one_cm":263,"minecraft:crouch_one_cm":2731,"minecraft:leave_game":1,"minecraft:play_time":16361,"minecraft:sprint_one_cm":9900,"minecraft:damage_taken":10,"minecraft:time_since_death":16361,"minecraft:walk_one_cm":33030,"minecraft:sneak_time":579,"minecraft:total_world_time":16361,"minecraft:walk_under_water_one_cm":384,"minecraft:fly_one_cm":56523},"minecraft:picked_up":{"rakerm:rake_spawn_egg":1,"endlessbiomes:shiftling_antenna":2}},"DataVersion":3465}