{"stats":{"minecraft:used":{"cataclysm:infernal_forge":18,"argentinas_delight:tabladechancho":15,"argentinas_delight:ollaessencontapa":4,"alexsmobs:animal_dictionary":2,"rakerm:rake_spawn_egg":1},"minecraft:dropped":{"minecraft:feather":2,"alexsmobs:centipede_leg":1,"adorn:guide_book":1,"minecraft:mutton":1,"minecraft:white_wool":1},"minecraft:custom":{"minecraft:time_since_rest":40361,"minecraft:crouch_one_cm":5930,"minecraft:sprint_one_cm":14941,"minecraft:play_time":40361,"minecraft:damage_taken":10,"minecraft:walk_one_cm":129169,"minecraft:sneak_time":1158,"minecraft:walk_under_water_one_cm":2604,"minecraft:mob_kills":2,"minecraft:drop":5,"minecraft:jump":167,"minecraft:damage_dealt":1766,"minecraft:time_since_death":40361,"minecraft:leave_game":1,"minecraft:walk_on_water_one_cm":3313,"minecraft:total_world_time":40361,"minecraft:fly_one_cm":256650},"minecraft:killed":{"alexsmobs:centipede_head":1,"bygonenether:warped_enderman":1},"minecraft:picked_up":{"irons_spellbooks:scroll":5,"cataclysm:monstrous_horn":1,"argentinas_delight:tabladechancho":1,"minecraft:feather":2,"cataclysm:infernal_forge":1,"cataclysm:music_disc_netherite_monstrosity":1,"aquaculture:bluegill":1,"simplyswords:stars_edge":1,"argentinas_delight:ollaessencontapa":1,"endlessbiomes:shiftling_antenna":2,"rakerm:rake_spawn_egg":1,"cataclysm:the_incinerator":1,"minecraft:mutton":1,"alexsmobs:centipede_leg":1,"minecraft:white_wool":1}},"DataVersion":3465}