{"stats":{"minecraft:used":{"argentinas_delight:tabladechancho":14,"alexsmobs:animal_dictionary":2,"rakerm:rake_spawn_egg":1},"minecraft:dropped":{"minecraft:feather":2,"alexsmobs:centipede_leg":1,"adorn:guide_book":1,"minecraft:mutton":1,"minecraft:white_wool":1},"minecraft:custom":{"minecraft:time_since_rest":28361,"minecraft:crouch_one_cm":3538,"minecraft:sprint_one_cm":13707,"minecraft:play_time":28361,"minecraft:damage_taken":10,"minecraft:walk_one_cm":52372,"minecraft:sneak_time":714,"minecraft:walk_under_water_one_cm":384,"minecraft:mob_kills":1,"minecraft:drop":5,"minecraft:jump":106,"minecraft:damage_dealt":102,"minecraft:time_since_death":28361,"minecraft:leave_game":1,"minecraft:walk_on_water_one_cm":263,"minecraft:total_world_time":28361,"minecraft:fly_one_cm":158472},"minecraft:killed":{"alexsmobs:centipede_head":1},"minecraft:picked_up":{"argentinas_delight:tabladechancho":1,"minecraft:feather":2,"endlessbiomes:shiftling_antenna":2,"rakerm:rake_spawn_egg":1,"cataclysm:the_incinerator":1,"minecraft:mutton":1,"alexsmobs:centipede_leg":1,"minecraft:white_wool":1}},"DataVersion":3465}