{"stats":{"minecraft:dropped":{"patchouli:guide_book":1},"minecraft:used":{"alexsmobs:animal_dictionary":2},"minecraft:picked_up":{"patchouli:guide_book":1},"minecraft:custom":{"minecraft:jump":34,"minecraft:time_since_rest":17795,"minecraft:leave_game":2,"minecraft:play_time":17795,"minecraft:sprint_one_cm":2455,"minecraft:time_since_death":17795,"minecraft:walk_one_cm":3959,"minecraft:sneak_time":14,"minecraft:total_world_time":17795,"minecraft:fall_one_cm":418,"minecraft:drop":1,"minecraft:fly_one_cm":18620}},"DataVersion":3465}