{"stats":{"minecraft:dropped":{"rakerm:rake_spawn_egg":1,"cataclysm:the_incinerator":1,"cataclysm:altar_of_fire":1,"patchouli:guide_book":1,"irons_spellbooks:scroll":5,"simplyswords:stars_edge":1},"minecraft:used":{"alexsmobs:spawn_egg_mantis_shrimp":1,"rakerm:bloodhourrake_spawn_egg":4,"modernlife:guitar_amplifier":1,"cataclysm:deepling_priest_spawn_egg":1,"modernlife:old_tv":1,"cataclysm:abyssal_egg":1,"aether:black_moa_egg":1,"minecraft:ender_pearl":3,"castle_in_the_sky:laputa_miniature":1,"minecraft:stone":5,"luphieclutteredmod:luphie_classic_radio":1,"argentinas_delight:pava":2,"rakerm:rake_spawn_egg":3,"nethers_exorcism:turquoise_bettle_spawn_egg":1,"alexsmobs:spawn_egg_laviathan":1,"modernlife:flatscreen_tv":1,"alexsmobs:spawn_egg_bone_serpent":1,"nethers_exorcism:firedemon_lv_1_spawn_egg":1,"minecraft:sand":8,"another_furniture:oak_table":4,"cataclysm:deepling_angler_spawn_egg":1,"cataclysm:music_disc_the_harbinger":1,"minecraft:campfire":2,"cataclysm:koboleton_spawn_egg":1,"cataclysm:music_disc_ancient_remnant":1,"cataclysm:music_disc_the_leviathan":1,"alexsmobs:spawn_egg_centipede":1,"luphieclutteredmod:luphie_mushroom_tv":1,"argentinas_delight:pavacalientetool":1,"therake:the_rake_sneak_spawn_egg":7,"regions_unexplored:pine_log":1,"aether:cockatrice_spawn_egg":1,"endlessbiomes:shiftling_spawn_egg":1,"nethers_exorcism:baby_crimson_squid_spawn_egg":1,"cataclysm:the_baby_leviathan_spawn_egg":1,"cataclysm:music_disc_netherite_monstrosity":1,"minecraft:grass_block":2,"aether:aerbunny_spawn_egg":1,"nethers_exorcism:fruit_snail_spawn_egg":1,"argentinas_delight:tabladeasadobloque":2,"modernlife:street_light":1,"aether:whirlwind_spawn_egg":1,"aether:valkyrie_spawn_egg":1,"supplementaries:red_merchant_spawn_egg":1,"rakerm:rake_stalk_spawn_egg":3,"cataclysm:altar_of_fire":1,"easy_npc:easy_npc_spawner":1,"cataclysm:netherite_monstrosity_spawn_egg":1,"cataclysm:coralssus_spawn_egg":1,"alexsmobs:spawn_egg_cachalot_whale":1,"aether:sheepuff_spawn_egg":1,"easy_npc:villager_spawn_egg":1,"therake:eye_stare_crature_spawn_egg":6,"alexsmobs:spawn_egg_stradpole":1,"therake:the_rake_spawn_egg":5,"therake:theman_stare_spawn_egg":6,"argentinas_delight:matevacio":1,"cataclysm:music_disc_ignis":1,"modernlife:chainsaw":1,"modernlife:dual_monitor":1,"therake:the_rake_troll_spawn_egg":31,"bygonenether:warped_enderman_spawn_egg":1,"alexsmobs:spawn_egg_roadrunner":1,"minecraft:end_portal_frame":19,"cataclysm:music_disc_ender_guardian":1,"alexsmobs:animal_dictionary":4,"torchmaster:megatorch":5,"bygonenether:wex_spawn_egg":1,"therake:the_rake_stare_spawn_egg":5,"rakerm:killstick":150,"minecraft:jukebox":3},"minecraft:mined":{"regions_unexplored:sandy_grass":1},"minecraft:custom":{"minecraft:mob_kills":49,"minecraft:play_record":6,"minecraft:damage_dealt_resisted":43340800,"minecraft:leave_game":8,"minecraft:time_since_death":123096,"minecraft:climb_one_cm":1049,"minecraft:time_since_rest":123096,"minecraft:damage_taken":120,"minecraft:sprint_one_cm":24738,"minecraft:walk_one_cm":186011,"minecraft:drop":10,"minecraft:damage_dealt":50802,"minecraft:fly_one_cm":500567,"minecraft:open_chest":9,"minecraft:crouch_one_cm":1665,"minecraft:walk_under_water_one_cm":823,"minecraft:play_time":123096,"minecraft:sneak_time":493,"minecraft:jump":524,"minecraft:walk_on_water_one_cm":1672,"minecraft:total_world_time":123096,"minecraft:fall_one_cm":627},"minecraft:killed":{"cataclysm:deepling_angler":1,"rakerm:rake":3,"nethers_exorcism:turquoise_bettle":1,"nethers_exorcism:baby_crimson_squid":1,"nethers_exorcism:fruit_snail":1,"supplementaries:red_merchant":1,"aether:cockatrice":1,"minecraft:spider":1,"cataclysm:netherite_monstrosity":1,"aether:sheepuff":1,"rakerm:rake_stalk":7,"minecraft:creeper":3,"minecraft:skeleton":3,"minecraft:zombie":1,"alexsmobs:cachalot_whale":1,"rakerm:bloodhourrake":5,"cataclysm:deepling_priest":1,"therake:the_rake":9,"alexsmobs:laviathan":1,"cataclysm:lionfish":1,"aether:valkyrie":1,"nethers_exorcism:firedemon_lv_1":1,"cataclysm:coralssus":1,"aether:moa":1,"endlessbiomes:shiftling":1,"cataclysm:the_baby_leviathan":1,"cataclysm:koboleton":1},"minecraft:picked_up":{"minecraft:magma_block":2,"nethers_exorcism:flaming_necklace":1,"cataclysm:music_disc_the_harbinger":1,"minecraft:feather":5,"endlessbiomes:riftite_shard":2,"minecraft:lead":1,"minecraft:gunpowder":3,"cataclysm:music_disc_ignis":1,"cataclysm:altar_of_fire":1,"minecraft:bone":1,"minecraft:blackstone":1,"minecraft:wheat_seeds":1,"cataclysm:music_disc_the_leviathan":1,"regions_unexplored:pine_log":1,"cataclysm:abyssal_egg":1,"aether:victory_medal":1,"adorn:guide_book":1,"patchouli:guide_book":1,"minecraft:sand":2,"cataclysm:music_disc_ancient_remnant":1,"alexsmobs:centipede_leg":1,"nethers_exorcism:indigo_fruit_food":1,"cataclysm:lionfish":1,"minecraft:arrow":3,"cataclysm:music_disc_netherite_monstrosity":1,"minecraft:rotten_flesh":5,"cataclysm:athame":1,"cataclysm:crystallized_coral_fragments":1,"nethers_exorcism:beetle_shell":1,"supplementaries:ash":1,"minecraft:mutton":1,"minecraft:white_wool":1}},"DataVersion":3465}