{"stats":{"minecraft:dropped":{"rakerm:rake_spawn_egg":1,"patchouli:guide_book":1},"minecraft:used":{"regions_unexplored:pine_log":1,"endlessbiomes:shiftling_spawn_egg":1,"rakerm:bloodhourrake_spawn_egg":4,"modernlife:guitar_amplifier":1,"nethers_exorcism:baby_crimson_squid_spawn_egg":1,"nethers_exorcism:fruit_snail_spawn_egg":1,"modernlife:old_tv":1,"modernlife:street_light":1,"minecraft:stone":5,"supplementaries:red_merchant_spawn_egg":1,"rakerm:rake_stalk_spawn_egg":3,"easy_npc:easy_npc_spawner":1,"rakerm:rake_spawn_egg":3,"nethers_exorcism:turquoise_bettle_spawn_egg":1,"easy_npc:villager_spawn_egg":1,"therake:eye_stare_crature_spawn_egg":6,"modernlife:flatscreen_tv":1,"minecraft:sand":8,"nethers_exorcism:firedemon_lv_1_spawn_egg":1,"therake:the_rake_spawn_egg":5,"therake:theman_stare_spawn_egg":6,"therake:the_rake_troll_spawn_egg":31,"modernlife:chainsaw":1,"modernlife:dual_monitor":1,"alexsmobs:animal_dictionary":4,"torchmaster:megatorch":5,"therake:the_rake_stare_spawn_egg":5,"rakerm:killstick":114,"therake:the_rake_sneak_spawn_egg":7},"minecraft:mined":{"regions_unexplored:sandy_grass":1},"minecraft:custom":{"minecraft:time_since_rest":99096,"minecraft:sprint_one_cm":23464,"minecraft:damage_taken":120,"minecraft:walk_one_cm":130643,"minecraft:mob_kills":38,"minecraft:drop":2,"minecraft:damage_dealt":40310,"minecraft:fly_one_cm":483905,"minecraft:open_chest":9,"minecraft:play_time":99096,"minecraft:sneak_time":144,"minecraft:jump":437,"minecraft:damage_dealt_resisted":43340800,"minecraft:leave_game":8,"minecraft:walk_on_water_one_cm":698,"minecraft:time_since_death":99096,"minecraft:climb_one_cm":1049,"minecraft:total_world_time":99096,"minecraft:fall_one_cm":627},"minecraft:picked_up":{"nethers_exorcism:flaming_necklace":1,"endlessbiomes:riftite_shard":2,"patchouli:guide_book":1,"minecraft:sand":2,"minecraft:gunpowder":3,"nethers_exorcism:indigo_fruit_food":1,"minecraft:bone":1,"minecraft:arrow":3,"minecraft:rotten_flesh":5,"regions_unexplored:pine_log":1,"nethers_exorcism:beetle_shell":1,"supplementaries:ash":1},"minecraft:killed":{"minecraft:skeleton":3,"rakerm:rake":3,"nethers_exorcism:turquoise_bettle":1,"nethers_exorcism:baby_crimson_squid":1,"minecraft:zombie":1,"nethers_exorcism:fruit_snail":1,"rakerm:bloodhourrake":5,"supplementaries:red_merchant":1,"therake:the_rake":9,"minecraft:spider":1,"nethers_exorcism:firedemon_lv_1":1,"rakerm:rake_stalk":7,"minecraft:creeper":3,"endlessbiomes:shiftling":1}},"DataVersion":3465}