{"stats":{"minecraft:dropped":{"patchouli:guide_book":1},"minecraft:used":{"regions_unexplored:pine_log":1,"endlessbiomes:shiftling_spawn_egg":1,"rakerm:bloodhourrake_spawn_egg":1,"modernlife:guitar_amplifier":1,"nethers_exorcism:baby_crimson_squid_spawn_egg":1,"nethers_exorcism:fruit_snail_spawn_egg":1,"modernlife:old_tv":1,"modernlife:street_light":1,"supplementaries:red_merchant_spawn_egg":1,"rakerm:rake_stalk_spawn_egg":1,"easy_npc:easy_npc_spawner":1,"rakerm:rake_spawn_egg":2,"nethers_exorcism:turquoise_bettle_spawn_egg":1,"easy_npc:villager_spawn_egg":1,"therake:eye_stare_crature_spawn_egg":2,"modernlife:flatscreen_tv":1,"nethers_exorcism:firedemon_lv_1_spawn_egg":1,"minecraft:sand":8,"therake:theman_stare_spawn_egg":2,"therake:the_rake_troll_spawn_egg":1,"modernlife:chainsaw":1,"modernlife:dual_monitor":1,"alexsmobs:animal_dictionary":4,"rakerm:killstick":28,"therake:the_rake_sneak_spawn_egg":4},"minecraft:killed":{"minecraft:skeleton":1,"rakerm:rake":2,"nethers_exorcism:turquoise_bettle":1,"nethers_exorcism:baby_crimson_squid":1,"nethers_exorcism:fruit_snail":1,"rakerm:bloodhourrake":1,"supplementaries:red_merchant":1,"therake:the_rake":3,"minecraft:spider":1,"nethers_exorcism:firedemon_lv_1":1,"rakerm:rake_stalk":3,"minecraft:creeper":3,"endlessbiomes:shiftling":1},"minecraft:custom":{"minecraft:time_since_rest":68469,"minecraft:sprint_one_cm":12457,"minecraft:damage_taken":120,"minecraft:walk_one_cm":51563,"minecraft:mob_kills":20,"minecraft:drop":1,"minecraft:damage_dealt":17180,"minecraft:fly_one_cm":130638,"minecraft:play_time":68469,"minecraft:sneak_time":116,"minecraft:jump":175,"minecraft:damage_dealt_resisted":6400000,"minecraft:leave_game":6,"minecraft:time_since_death":68469,"minecraft:total_world_time":68469,"minecraft:fall_one_cm":627},"minecraft:picked_up":{"nethers_exorcism:flaming_necklace":1,"endlessbiomes:riftite_shard":2,"patchouli:guide_book":1,"minecraft:sand":2,"minecraft:gunpowder":3,"nethers_exorcism:indigo_fruit_food":1,"minecraft:bone":1,"minecraft:arrow":2,"minecraft:rotten_flesh":3,"regions_unexplored:pine_log":1,"nethers_exorcism:beetle_shell":1,"supplementaries:ash":1},"minecraft:mined":{"regions_unexplored:sandy_grass":1}},"DataVersion":3465}