{"stats":{"minecraft:used":{"easy_npc:villager_spawn_egg":1,"modernlife:flatscreen_tv":1,"endlessbiomes:shiftling_spawn_egg":1,"nethers_exorcism:firedemon_lv_1_spawn_egg":1,"modernlife:guitar_amplifier":1,"modernlife:dual_monitor":1,"nethers_exorcism:fruit_snail_spawn_egg":1,"modernlife:old_tv":1,"alexsmobs:animal_dictionary":4,"modernlife:street_light":1,"rakerm:killstick":3,"easy_npc:easy_npc_spawner":1},"minecraft:dropped":{"patchouli:guide_book":1},"minecraft:killed":{"nethers_exorcism:firedemon_lv_1":1,"nethers_exorcism:fruit_snail":1,"endlessbiomes:shiftling":1},"minecraft:custom":{"minecraft:time_since_rest":37714,"minecraft:sprint_one_cm":4103,"minecraft:play_time":37714,"minecraft:walk_one_cm":16535,"minecraft:sneak_time":110,"minecraft:mob_kills":3,"minecraft:drop":1,"minecraft:jump":65,"minecraft:damage_dealt":2060,"minecraft:leave_game":3,"minecraft:time_since_death":37714,"minecraft:total_world_time":37714,"minecraft:fall_one_cm":418,"minecraft:fly_one_cm":38613},"minecraft:picked_up":{"nethers_exorcism:indigo_fruit_food":1,"nethers_exorcism:flaming_necklace":1,"endlessbiomes:riftite_shard":2,"patchouli:guide_book":1}},"DataVersion":3465}