{"stats":{"minecraft:custom":{"minecraft:jump":34,"minecraft:time_since_rest":8896,"minecraft:leave_game":2,"minecraft:play_time":8896,"minecraft:sprint_one_cm":2455,"minecraft:time_since_death":8896,"minecraft:walk_one_cm":3837,"minecraft:total_world_time":8896,"minecraft:fall_one_cm":418,"minecraft:drop":1,"minecraft:fly_one_cm":14429},"minecraft:used":{"alexsmobs:animal_dictionary":2},"minecraft:dropped":{"patchouli:guide_book":1},"minecraft:picked_up":{"patchouli:guide_book":1}},"DataVersion":3465}