{"stats":{"minecraft:used":{"regions_unexplored:pine_log":1,"endlessbiomes:shiftling_spawn_egg":1,"rakerm:bloodhourrake_spawn_egg":1,"modernlife:guitar_amplifier":1,"nethers_exorcism:baby_crimson_squid_spawn_egg":1,"nethers_exorcism:fruit_snail_spawn_egg":1,"modernlife:old_tv":1,"modernlife:street_light":1,"supplementaries:red_merchant_spawn_egg":1,"rakerm:rake_stalk_spawn_egg":1,"easy_npc:easy_npc_spawner":1,"rakerm:rake_spawn_egg":1,"nethers_exorcism:turquoise_bettle_spawn_egg":1,"easy_npc:villager_spawn_egg":1,"therake:eye_stare_crature_spawn_egg":1,"modernlife:flatscreen_tv":1,"nethers_exorcism:firedemon_lv_1_spawn_egg":1,"therake:theman_stare_spawn_egg":1,"modernlife:chainsaw":1,"modernlife:dual_monitor":1,"alexsmobs:animal_dictionary":4,"rakerm:killstick":25,"therake:the_rake_sneak_spawn_egg":1},"minecraft:dropped":{"patchouli:guide_book":1},"minecraft:mined":{"regions_unexplored:sandy_grass":1},"minecraft:killed":{"minecraft:skeleton":1,"rakerm:rake":1,"nethers_exorcism:turquoise_bettle":1,"nethers_exorcism:baby_crimson_squid":1,"nethers_exorcism:fruit_snail":1,"rakerm:bloodhourrake":1,"supplementaries:red_merchant":1,"therake:the_rake":2,"minecraft:spider":1,"nethers_exorcism:firedemon_lv_1":1,"rakerm:rake_stalk":3,"minecraft:creeper":2,"endlessbiomes:shiftling":1},"minecraft:custom":{"minecraft:time_since_rest":63510,"minecraft:sprint_one_cm":9645,"minecraft:damage_taken":120,"minecraft:walk_one_cm":42980,"minecraft:mob_kills":17,"minecraft:drop":1,"minecraft:damage_dealt":15210,"minecraft:fly_one_cm":64550,"minecraft:play_time":63510,"minecraft:sneak_time":112,"minecraft:jump":126,"minecraft:damage_dealt_resisted":6400000,"minecraft:leave_game":6,"minecraft:time_since_death":63510,"minecraft:total_world_time":63510,"minecraft:fall_one_cm":627},"minecraft:picked_up":{"nethers_exorcism:flaming_necklace":1,"endlessbiomes:riftite_shard":2,"patchouli:guide_book":1,"minecraft:sand":2,"minecraft:gunpowder":3,"nethers_exorcism:indigo_fruit_food":1,"minecraft:bone":1,"minecraft:arrow":2,"minecraft:rotten_flesh":3,"regions_unexplored:pine_log":1,"nethers_exorcism:beetle_shell":1,"supplementaries:ash":1}},"DataVersion":3465}