{"stats":{"minecraft:killed":{"nethers_exorcism:firedemon_lv_1":1,"nethers_exorcism:fruit_snail":1,"endlessbiomes:shiftling":1},"minecraft:dropped":{"patchouli:guide_book":1},"minecraft:used":{"easy_npc:villager_spawn_egg":1,"endlessbiomes:shiftling_spawn_egg":1,"nethers_exorcism:firedemon_lv_1_spawn_egg":1,"nethers_exorcism:fruit_snail_spawn_egg":1,"alexsmobs:animal_dictionary":4,"rakerm:killstick":3,"easy_npc:easy_npc_spawner":1},"minecraft:picked_up":{"nethers_exorcism:indigo_fruit_food":1,"nethers_exorcism:flaming_necklace":1,"endlessbiomes:riftite_shard":2,"patchouli:guide_book":1},"minecraft:custom":{"minecraft:time_since_rest":32343,"minecraft:sprint_one_cm":3936,"minecraft:play_time":32343,"minecraft:walk_one_cm":12016,"minecraft:sneak_time":41,"minecraft:mob_kills":3,"minecraft:drop":1,"minecraft:jump":61,"minecraft:damage_dealt":2060,"minecraft:leave_game":3,"minecraft:time_since_death":32343,"minecraft:total_world_time":32343,"minecraft:fall_one_cm":418,"minecraft:fly_one_cm":34425}},"DataVersion":3465}